[
    {
        "titulo": "Especificação de Requisitos",
        "descricao": "Documento de especificação de requisitos do aplicativo Hamba - Entrega 01 FES",
        "versao": "1.8 - 12/06/2018",
        "linkDoc": "https://docs.google.com/document/d/1Vn2hWZyJAesSxBEYE2Yk8y3VDy54xxSMBNC1TD8JDU8/edit?usp=sharing"
    },
    {
        "titulo": "Plano de Projeto",
        "descricao": "Documento de plano de projeto do aplicativo Hamba - Entrega 02 FES",
        "versao": "1.5 - 18/06/2018",
        "linkDoc": "https://docs.google.com/document/d/1-FHR362-kYI4e064toqyDKS8QiDoeybNXOrtOzorMuc/edit?usp=sharing"
    },
    {
        "titulo": "Diagramas",
        "descricao": "Diagramas UML do Hamba. Entrega 01 MPOO",
        "versao": "2.0 - 08/07/2018",
        "linkDoc": "https://drive.google.com/open?id=170wTKZ_0o-bvoFQLWR8p4jMhMT4felBK"
    }

]